Statistic_Metrics	SVM
Accuracy	0.952469849804
Presicion	0.948664889163
Recall	0.948599220345
F_Measure	0.948425481917
