Statistic_Metrics	Naive Bayes
Accuracy	0.957279987662
Presicion	0.952974296672
Recall	0.954527330617
F_Measure	0.953633742282
